"name","del","address"
"Aaraike Charitable Trust","00595-2021-2022, Bangalore North (KARNATAKA)","12th B Main Vrishabhavathinagar Kamakshipalya 560076"
"ASGK EDUCATIONAL CHARITABLE TRUST","02/2022-23, Bangalore (KARNATAKA)","05,8th Cross ASB Lakshmi layout ,VISHWANEEDAM POST SUNKUDAKATTE"
"Academy for Severe Handicaps and Autism( ASHA) Charitable Trust","029, Bangalore (KARNATAKA)","L-76/A, Kirloskar Colony, HBCS 3rd Stage, Basaveshwaranagar, 4th Block"
"Adarsha Education Society","03/1990, Bellary (KARNATAKA)","Adarsha Education Society Sangankallu village Bellary Tq and District 583103"
"ASHADEEPA TRUST","06, RAICHUR (KARNATAKA)","Public Garden, Besides Bal Bhavan, Station Road,"
"A Shama Rao Foundation","07, Mangalore (KARNATAKA)","13-02-116 HOTEL SRINIVAS BUILDING G.H.S. ROAD, MANGALORE"
"Aapatsahaaya Foundation","083/08-09, BANGALORE (KARNATAKA)","154, 4TH CROSS, GKW LAYOUT,VIJAYANAGAR,"
"ADHYATMA VIDYA PEETH ( INSTITUTE OF SPIRITUALITY)","094420246, BANGALORE (KARNATAKA)","CARMELARAM P.O"
"ACHARYA INSTITUTE FOR INNOVATION AND TRANSFORMATION","1/140-2020-2023, Mysore (KARNATAKA)","KSOU ACADEMIC BLOCK, 18th Cross Road, B BLOCK VIJAYANAGARA, KSOU ACADEMIC BLOCK, 18th Cross Road, Vijayanagar, Mysuru, Mysuru, Karnataka, 570012"
"ACHARYA CHANAKYA TRUST","10/2022, GULBARGA (KARNATAKA)","CHINCHOLI ROAD MAHAGAON CROSS, KAMALAPUR MAHAGAON GULBARGA KARNATAKA"
"ACCESS","1005/91-92, Bangalore (KARNATAKA)","10, ACCESS, New Chellekere Extension, Kalyan Nagar, Bangalore -560 043"
"ACADEMY OF ART AND ARCHITECTURE","1015/1989-90, MYSORE (KARNATAKA)","CA-Site No 2, Bogadi 2nd Stage, North Extension, Mysuru, Karnataka-570026"
"ABHINAYA BHARATHI","106/2000-2001, Bangalore (KARNATAKA)","Dharini"
"ABUNDANT LIFE MINISTRIES","1078/ IV-2004-2005, BANGALORE (KARNATAKA)","A-2, KIRAN APARTMENT HORAMAVU MAIN ROAD DODDA BANASWADI KALYANANAGAR"
"ADARSHA RURAL DEVELOPMENT AND TRAINING SOCIETY","1087, Bangalore (KARNATAKA)","Opp:Housing Board 5th Block, Bagepalli-561207, Chickaballapur District, Karnataka."
"ADARSH GRAMIN ABIRUDDI SAMSTHE TUKKANATTI","109/2017-18, GOKAK (KARNATAKA)","HUKKERI BUILDINGGOKAK MAIN ROADTUKKANATTIBELAGAUM591224"
"ARUNA RAVI TRUST","1187/23-24, Bangalore (KARNATAKA)","No 201, 2Nd Floor, KCR Elite Appartment Shamanna Gowda Layout Near Corporation Community Hall Halasuru Bangalore -North -Bangalore 560008"
"ABHIDHYAN","121, BANGALORE (KARNATAKA)","VARDHINI MADKU D HOMES. FLAT NO. 404, 3RD FLOOR. YELLANAHALLI, AKSHAYANAGAR, BEGUR KOPPA ROAD."
"A V SPORTS ACADEMY FOUNDATION","1219/2019-20/BKIV, Bangalore (KARNATAKA)","No 156 9th Cross Weavers Colony, Bannerugatta Road Near Gayathri Kalyan Mantapa, Bangalore South, Bannerghatta S.O, BANGALORE, Karnataka, INDIA560083"
"Action for Social and Educational Development Association","124/87-88, Gowribidanur (KARNATAKA)","Action for social and educational and development assoication , shiva nilaya fortGowribidanur -561208 Gowribidanur (Taluk) Chikkaballpura -District"
"ASHA KIRAN","126/1999-2000, Mangaluru (KARNATAKA)","deer tree .no-23-12-1044/31-1,4th lane shivnagar,near GSI HQ pandeshwar mangalore 575001"
"7 BEAN TEAM","126/2023-2024, SAKLESHPUR (KARNATAKA)","1ST FLOOR (ABOVE S S STEELS) MALLIKARJUNA NAGARA , B M ROAD,NEAR TOLLGATE, SAKLESHPUR ,SAKLESHPUR 573134."
"ABHINAYA KALA KENDRA","127, BELLARY (KARNATAKA)","KALANIDHI, PLOT NO.51, K.V.T. NAGAR, BEHIND DATTA SCHOOL, WARD NO.19, BELLARY-583101"
"Achalabharathi","127/10-11, Bengaluru (KARNATAKA)","190, Nandana 1st Cross, Garden Villas, Nagarabhavi Road, Bengaluru-560072"
"ASHADEEP ORGANISATION OF SOCIAL SERVICES","1339/1999-2000, Bangalore (KARNATAKA)","No.58, 6th Main, 7th Cross Postal Colony, Sanjaynagar, Bangalore"
"A P J ABDUL KALAAM EDUCATIONAL CHARITABLE TRUST (R)","14/2016-17, Raichur (KARNATAKA)","R R COLONY ASHAPUR ROAD, RR COLONY ASHAPUR ROAD, Raichur, Raichur H.O, RAICHUR, Karnataka, INDIA584101"
"ABBS ALUMNI ASSOCIATION","1428/09-10, BANGALORE (KARNATAKA)","NO.03.LINGADHEERANA HALLI , NEAR MAGADI ROAD ,BANGALORE"
"A H Memorial Educational trust","150/80-81, BANGALORE (KARNATAKA)","CA Site 7P 1A, PRESIDENCY SCHOOL, 2nd A Main, 3rd A, cross, East of N.G.E.F Layout, Kasturinagar, Bengaluru, Karnataka 560043"
"Ashakirana Charitable Trust","152/10-11, Bangalore (KARNATAKA)","No.61, ""Amma"",Gangadharappa layoutPapareddy palya 5th cross,Nagarabhavi 2nd stageBANGALORE560072"
"AADHYA CHARITABLE FOUNDATION","156897, BANGALORE (KARNATAKA)","K. NO. 515, HENUR VILLAGE BANGALORE Bangalore KA 560043 IN"
"ASARE CHARITABLE TRUST","1585, banglore (KARNATAKA)","no 168,12th block nagarbhavi2nd stage banglore-560072"
"ARPITHA CHARITABLE TRUST","160/2011-12, Ramanagara (KARNATAKA)","Nanjapura, Lakkojanahalli Post, Kailancha hobli, Ramanagara Taluk"
"Abhigyan Imperative Movements (AIM)","160/2016-17 IV, Bangalore (KARNATAKA)","No 31, Anjanadri Nilaya, Pipeline Road, T Dasarahalli ,"
"ARUNA EDUCATIONAL TRUST","161,IV/ADR14/154-163/1995-96, TUMAKURU (KARNATAKA)","RING ROAD,MARALURU"
"Arunodaya Poirada","166/93-94, Hospet (KARNATAKA)","Arunodaya Poirada Papinayakanahalli, HOSPET, Karnataka, Bellary, 583223"
"ABHINANDAN EDUCATION AND RURAL DEVELOPMENT SOCIETY MASKI","17, RAICHUR (KARNATAKA)","ABHINANDAN EDUCATION AND RURAL DEVELOPMENT SOCIETY MASKI-584124,RAICHUR"
"Additive Manufacturing Society of India","18/12-13, Bangalore (KARNATAKA)","No. 42, BSK III Stage, III Block, III Phase, 9th Cross, Bangalore 560085"
"ABHINAYA ARTS CULTURAL CENTRE","18/1980, KOPPAL (KARNATAKA)","GANDHI BAZAAR, KOPPAL POST"
"ABITS8241G","182, BANGALORE (KARNATAKA)","‘Sri Shakti Kshetra’ Sri Saumyakali Temple Kaalikanagara PSI Post, Bengaluru – 560058, Karnataka"
"ADHYATHMAPRAKASHAKARYLAYA","1V 27/350-352 1990-91, BANGALORE (KARNATAKA)","68, (new no 6) 6th Main road ADHYATMA PRAKASHA KARYALAYA ROAD 2ND BLOCK THYGARAJANAGARA, BANGALORE-560070"
"Adarsha Jeevana Network Of People Living with HIV AIDS Association","206/05-06, Mandya (KARNATAKA)","H.No 1265/29 1st Flloor 5th cross Ashok Nagar Mandya"
"ABHAYAS ACADEMY EDUCATIONAL TRUST","206973/2020-21, BANGALORE (KARNATAKA)","ABHAYAS MONTESSORI ,CLUB HOUSE 01,GROUND FLOOR,CANDEUR LAND MARK,NEAR GUNJUR BUS STOP,GUNJUR MAIN ROAD,GUNJUR ,VARTHUR HOBLI BANGALORE-560087"
"ADARSH WOMEN DEVELOPMENT ASSOCIATION (R)","210, BAGALKOT (KARNATAKA)","ADARSH WOMEN DEVELOPMENT ASSOCIATION (R) NAVANAGAR,BAGALKOT"
"ABARAN FOUNDATION","210/19-20, Bangalore (KARNATAKA)","NO 192 OPP ISKCON WEST OF CHORD ROAD MAHALAKSHMI LAYOUT BANGALORE"
"ARYA SEVASHRAMA TRUST","2104/58-59, BANGALORE (KARNATAKA)","ARYA SEVASHRAMA TRUST. 1ST, N BLOCK, RAJAJINAGAR P O BANGALORE 560010"
"AASARE GRAMINA SEVA TRUST","216, BELGAUM (KARNATAKA)","H NO 20026 RAMPURA SITE SAVADATTIBELAGAVI"
"Academy of General Education","230 of 1962-63, MANIPAl (KARNATAKA)","MADHAVA KRIPA ENGLISH NURSERY AND HIGHER PRIMARY SCHOOL, MANIPAL-576104, KARNATAKA"
"Adhyapana School","234/94-96, Bangalore (KARNATAKA)","No 30 1st main road chinnana layout kavalbysandra RT nagar post Bangalore-32"
"AADISHAKTHI SOCIAL DEVELOPMENT MAHILA MANDAL","236/2006-07, BHALKI (KARNATAKA)","R/O. MIG- 2-5 KHB COLONY BHALKI TQ. BHALKI DIST. BIDAR585328"
"ADITYA NANDA RURAL HUMAN RESOURCE DEVELOPMENT SOCIETY","246/98-99, Bangalore (KARNATAKA)","No 210, 4th main, 2nd main , Sampige layout"
"Aashrita Charitable Trust","247/08-09, Chikkaballapur (KARNATAKA)","15/12. Aashrita Charitable Trust(R) Anakanur Gate DC Office(Siddlagatta ) Road Chikkaballapur Pin 562101"
"ACTION SOCIETY FOR INTEGRAL DEVELOPMENT","249/88-89, KOLAR (KARNATAKA)","ACTION SOCIETY FOR INTEGRAL DEVELOPMENT KUMBARPET, BAGEPALLI - 561 207 CHICKABALLAPUR DISTRICT KARNATAKA"
"ABILASHRAYAM TRUST","251/08-09, BANGALORE (KARNATAKA)","C/O ABILASHRAYAM TRUST G 185, ground floor, 10th Cross, 20th main, G block, Sahakar Nagar, Bangalore-560092"
"Aatmalaya Academy of Art and Culture Trust","261/2001-02, Bangalore (KARNATAKA)","98/6, Krishnageet Aparments, 2nd Main, Seshadripuram"
"ADARSHINI MAHILA SWA SAHAAYA SANGHAGALA OKKUTA","261/20-21, BANGALORE (KARNATAKA)","NO 37 2ND CROSS VEERABHADRA NAGAR 3RD STAGE"
"AASARE CHARITABLE TRUST","262, ANEKAL (KARNATAKA)","JANATHA COLONY, KAVALAHOSAHALLI, ANEKAL, BANGLORE -562106"
"Adarsh Hindi Vidyapeeth","265/98-99, Hubli (KARNATAKA)","Kalamman Agasi, Hubli"
"Asha Bhavan Charitable Trust","282/2012-13, Nellyadi (KARNATAKA)","Bethany Convent, Nellyadi"
"ADIMA SAMSKRUTHI KENDRA A CULTURAL TRUST","29/2008-09, KOLAR (KARNATAKA)","ADIMA SAMSKRUTHI KENDRA JINKE RAMAYYA JEEVA TAANA, SHIVAGANGE, TERAHALLI BETTA MADERAHALLI POST, KOLARA. 563101"
"ABALASHRAMA","296/43-44, Bengaluru (KARNATAKA)","125-6, Dr. D V G Road, Basavanagudi"
"ARUNDHATHI SHIKSHANA AND GRAMINA ABHIRUDDI SAMSTHE","298/1997-98, HOSADURGA (KARNATAKA)","ARUNDHATHI SHIKSHANA AND GRAMINA ABHIRUDDI SAMSTHE MEDARA BEEDI HOSADURGA 577527"
"ABHAYA SEVA TRUST","31/2007-08/18-06-2007, Udupi (KARNATAKA)","3-3-7, Ambalapady, Udupi"
"AAYUSHYA TRUST","31/24-25, Moodabidri (KARNATAKA)","972L, Sri Ganesh Prasad Kripa, Koppala Pranthya Village, Peranja, Moodabidri Taluk 575006"
"ARUNODHYA SHIKSHANA SAMS THE R KODA","316/91-92, KOD (KARNATAKA)","ARUNODAYA SHIKSHANA SAMSTHE, KODA HIREKERUR TALUK,HAVERI DIST-581109"
"Action on Disability and Development India","317-89-90, Bangalore (KARNATAKA)","No 4005, 19th Cross, Banashankari 2nd Stage, Bangalore -560070"
"ADARSH SEVA KENDRA FOUNDATION","319, BANGALORE SOUTH (KARNATAKA)","128 opp masjid -E QUBA, YARAB NAGAR , B Sk II Stage S.O, Bangalore South"
"ABHIJNANA FOUNDATION","32, hassan (KARNATAKA)","272, kolagunda, at post javagal hobli, arsikere taluk, karnataka"
"ABM RESIDENCY WELFARE ASSOCIATION","331-2018-2019, BANGALORE (KARNATAKA)","NO 72 73 74 75 VIJAYASHREE LAYOUT MYLASANDRA KENGERI HOBLI"
"ADARSHA HINDIVIDYALAYA","34/1964-65, Bangalre (KARNATAKA)","Adarsha Hindi Vidyalaya 43/1-A, First Block, T.R.Nagar, Bangalore-560028 Karnataka INDIA"
"ASHIRVAD","342/14-15, Bangalore (KARNATAKA)","NO.30 ST.MARKS ROAD BANGALORE560001"
"ARYA VYSYA MANDALI CHINTAMANI","346, CHINTAMANI (KARNATAKA)","VASAVI BHAVAN, DODDAPET,CHINAMANI,CHIKKABALLAPUR"
"A S KUPPARAJU AND BROTHERS CHARITABLE FOUNDATION TRUST","3518, Bangalore (KARNATAKA)","ASKB Campus 1st Main A G S Colony Anandnagar Bangalore 560 024"
"Adarsh Educational and Charitable Trust","36/08-09, Shahapur (KARNATAKA)","Deshmukh Vidya Bhavan, Indiranagar, Shahapur"
"Adishakti Rural Development Society Markumbi","364/2000-2001, savadatti (KARNATAKA)","A/P: Markumbi Tq : Savadatti Dist : Belgaum"
"ACE CHARITABLE TRUST","365/10-11, Bangalore (KARNATAKA)","No29/10A, 14th B Cross,Sarakki Layout, 1st Phase, J P Nagar, Bangalore560078"
"AASARE SOCIAL SERVICE SOCIETY","369/SOR/SMG/96-97, SHIMOGGA (KARNATAKA)","LAXMI VENKATESH NILAY, HOSAMANE, 6TH CROSS, SHIVAMOGGA577204"
"AASRA WOMEN AND CHILDREN WELFARE TRUST","36-IV, BANGALORE (KARNATAKA)","NO 11,1ST FLOOR EIDGAH COMPLEX,BSA ROAD, TANNERY ROAD"
"aavi rural and urban development organisation","373/2008-09, Hosanagar (KARNATAKA)","Aavi rural and urban development organization (ARUDO) Kodur Post, 577 418 Hosanagar -Taluk Shimoga - Dist Karnataka -State Mobile :91 9731554955 E-mail : aavingo@gmail.com"
"ABHIYENTHARARU","378/2012-13, MYSORE (KARNATAKA)","221E BLOCK VIJAYANAGAR 3 RD STAGE"
"aafoundation for community development","395 2011 12 IV, bengaluru (KARNATAKA)","186 4 I a main 3rd a cross gururajalayout doddanekkundi bengaluru 560037"
"AASARE CHARITABLE TRUST","4/874, TUMKUR (KARNATAKA)","KHATA NO 3887/3689, AMARAJYOTHI NAGARA, MARALURU ROAD, RAMAKRISHNA AASHRAMA BACKSIDE"
"A G N FOUNDATION","400270, BANGALORE (KARNATAKA)","NO 1445 VAJRAS NO 6 SOUTH END A CROSS 28TH MAIN JAYANAGAR 9TH BLOCK"
"ADEPT Educational and Welfare Trust","4-00677-2018-19, Bangalore (KARNATAKA)","No.2/1, 1st cross, Masjid Street, BSA cross, Tannery Road, Bangalore-560005"
"ABHIRUDDHI SAMSTHE","417/2010-11, CHANNAGIRI (KARNATAKA)","ABHIRUDDHI SAMSTHE (R) HEAD OFFICE : TURUVANOOR ROAD, CHITRADURGA. BRANCH OFFICE : BUSSENAHALLI VILLAGE, AGARABANNEHATTI POST CHANNAGIRI TQ DAVANAGERE DIST KARNATAKA STATE"
"Asha Kirana Seva Trust","424/1995-96, Bangalore (KARNATAKA)","Asha Kirana Seva Trust (R) 57/A, 1st Floor, 3rd Cross,Classic County Layout, Komaghatta Main Road, Kengeri Satellite Town, Bengaluru – 560060"
"ADI JAMBAVA SAMSKRUTHIKA PRACHARA SAMITHI","429/2022, BANGALORE (KARNATAKA)","No 163, 3rd Floor 9th main road, 3rd cross, Rajamahal Extension, Sadashivnagar, Bangalore North, Sadashivanagar S.O, BANGALORE, Karnataka, INDIA560080"
"AAMIR KHAN FOUNDATION","4-291/24-25, BANGALORE (KARNATAKA)","NO.12 2ND MAIN ROAD MATTADAHALLI R T NAGAR POST BANGALORE 560032"
"ACT OF LOVE","435, Bangalore (KARNATAKA)","3/90 kadrappa building 2, crass colony sagaypuram"
"ADMAR MUTT EDUCATION FOUNDATION","44/93-94, BANGALORE (KARNATAKA)","ADMAR MUTT EDUCATION FOUNDATION (POORNAPRAJNA INSTITUTE OF SCIENTIFIC RESEARCH) NO. 4, 16TH CROSS, SADASHIVANAGAR,"
"Action for Community Organisation Rehabilitation and Development","440/85-86, Bangalore (KARNATAKA)","Thekaekara House,, 10th Main, 2nd Cross, Banaswadi, Kalyan Nagar, Bangalore560043"
"Aamna Foundation","456/ 2018, Bengaluru (KARNATAKA)","No. 79, Ground Floor, Shanthi Nilaya, Laksmaiah Block, CBI Main Road, Ganga Nagar, Bengaluru, Karnataka-560024"
"A Little Change","485, Koramangala (KARNATAKA)","No.31, 3rd Floor, A Main, Jakkasandra Extn, Koramangala, 1st blockBengaluru560034"
"ASHAKIRAN SAMAGRA GRAMINA ABHIVRUDHI SAMSTHE","513-2004-05, Gulbarga (KARNATAKA)","Near Shantlingeshwar Temple 4th Block Tq Dist Kalaburagi"
"ADARSHA VIDYA KENDRA TRUST","539/99-2000, Bengaluru (KARNATAKA)","No. 8/9, 27th Cross, BSK II Stage"
"A SOCIETY FOR HUMAN INTEGRAL RIGHTS WEEARE AND ASSISTANCE FOR DEVELOPMENT","54/92-93, KAMALNAGAR (KARNATAKA)","KAMALNAGAR TQ. AURAD (B) DIST. BIDAR"
"ADAL FOUNDATION","542/18-19, BANGLORE (KARNATAKA)","10/2, 3RD CROSS, B.M. KRISHNAPPA LAYOUT, SHAMPURA, R.T NAGAR POST, BANGLORE- 560032"
"ARYA VYSYA MAHAJAN SAMITHI (R)","55/82-83, Shimoga (KARNATAKA)","Sri Kannikaparameshwari Temple, Gandhi Bazara, Shimoga"
"ARUNODAYA TRUST(R)","561/2018-19, BANGALORE (KARNATAKA)","CA 4 2ND BLOCK JNANABHARATHI LAYOUT NAGADEVANAHALLI MARIYAPPANAPALYA RING ROAD"
"A.O.S.R. EDUCATIONAL AND CHARITABLE TRUST","569/2022-23, GULBARGA (KARNATAKA)","H.NO. 422, SY, NO. 32 HAGARGA ROAD, NEAR PRINCE FUNCTION HALL, GULSHAN E ARFAT COLONY KALABURAGI585104"
"ADITYA CHARITY TRUST","580T/W.D.vi OF 1973/74, BENGALURU (KARNATAKA)","NO 129 RMV EXTENSION 10TH MAIN SADASHIVNAGAR"
"ASHAKIRANA CHARITABLE TRUST","608-97-98, Mysore (KARNATAKA)","CA-1, Hebbal Industrial Housing Area,Ring Road, Hebbal"
"ABHINAVA ARTS CENTRE","632/95-96, Bengaluru (KARNATAKA)","62, JAIN TEMPLE STREET VISVESWARAPURAM"
"Abhivruddi Society for Social Development","668/92-93, Tumakuru (KARNATAKA)","ABHYUDHAYA 2nd Cross, near TUDA Layout, Manjunathanagara, Kyathasandra Post, Tumkur-572104"
"ADARSH MAHILA MATTU MAKKAL KALYAN GRAMIN ABHIVRUDHI SAMSTE","72/2001-2002, BIJAPUR (KARNATAKA)","J M ROAD NEARBADIKAMAN BEHIND KHANNAT MASJID BIJAPUR 586101"
"ADITYA ROYAL OWNERS ASSOCIATION","74/2017-18, Bangalore (KARNATAKA)","Mallathahalli"
"Aadiyogi Charitable Trust","76, DHARWARD (KARNATAKA)","LIG-308, GAMANAGAATTI, KHB, PRAJANAGAR NAVANAGAR,DHARWARD Karnataka"
"AASHA KE PANKH FOUNDATION TRUST","770, BENGALURU (KARNATAKA)","100504, NIKOO 1,BHARTIYA CITY, THANISANDRA, YEHLANKA, BENGALURU 560064"
"ACCEPT SOCIETY","776/1999/2000, Bangalore (KARNATAKA)","245, KRC Road, Dodda Gubbi Post, Bangalore560077"
"ARUL ERRUKKAM FOUNDATION","78/2008-2009, Bangalore (KARNATAKA)","9"
"ASHA KIRAN TRUST","799/93-99, Bangalore (KARNATAKA)","No 10-26 Esther Garden Jayanthinagar Horamavu"
"ACTS GROUP OF INSTITUTIONS","80/79-80, Bangalore (KARNATAKA)","54 KHB COLONY, 5TH BLOCK 2ND CROSS, KORAMANGALA"
"ADARSHA CULTURAL AND RURAL DEVELOPMENT SOCIETY","814/2012-13, CHICKABALLAPUR (KARNATAKA)","BAGEPALLI, CHICKABALLAPUR DIST KARNATAKA"
"ACE FOUNDATION","82/2017-18, Bengaluru (KARNATAKA)","Kengeri, Bengaluru560060"
"abohomaan","8222, TIRUPUR (KARNATAKA)","Abohomaan vill boulapassa po kailashahar unakoti tripura pin 799277"
"ACTIONAID KARNATAK PROJEC","849/88-89, BANGALORE (KARNATAKA)","ACTIONAID KARNATAKA PROJECTS 139, RICHMOND ROAD, BANGALORE560025 (KARNATAKA)"
"ASHA FOUNDATION","849/97-98, Bangalore (KARNATAKA)","No.42, 4th Main, SBM Colony, Anand Nagar, Bangalore"
"AALA HAZRAT EDUCATIONAL AND CHARITABLE TRUST","87/08-09, Bidar (KARNATAKA)","H. No- 3-3-35, Noor Khan Taleem, Dist.- Bidar- 585401,Karnataka."
"INAMDAR REGIONAL EDUCATIONAL & CHARITABLE TRUST","91/2005-26, KALABURAGI (KARNATAKA)","2-2/1 MADINA BUILDING 1 FLOOR ABOVE CENTRE KAMAT MAIN ROAD KALABURAGI 585101"
"ACHARYA RANGA PROGRESSIVE FARMERS WELFARE ORGANIZATION","936/1996, TUMKUR (KARNATAKA)","gundugallu post kodigenahalli hobli madhugiri taluk"
"ADARSHA MAHILA MANDALI","94/1991-1992, HARAPANAHALLI (KARNATAKA)","ADARSHA MAHILA MANDALI(R)DRAVIDA NILAYA HADAGALI ROAD HARAPANAHALLI 583131 BELLARY DIST"
"Arunodaya Kala Sangha (R)","948/95-96, Bangalore (KARNATAKA)","Arunodaya Kala Sangha, No. 29, 3rd Main Road, Raghavendra Block, BSK 3rd Stage"
"Academy of Basic Education Bajpe","9596, Mangalore (KARNATAKA)","A.B.EBuilding Main Road Bajpe- 575142"
"AARTHI VIKAS MAHILA SAMITHI","96/2005-06, BIDAR (KARNATAKA)","PLOT NO 24, SACHIN NILAYA , BEHIND KARNATAKA COLLEGE ,CHANNABASAVA NAGAR , BIDAR KARNATAKA -585401"
"ACRESAT","97/84-85, CHANNAPATNA (KARNATAKA)","NO.202, THITTAMARANAHALLI, CHANNAPATNA TALUK, RAMANAGARA DISTRICT"
"ADHITI CHARITABLE TRUST R","99/2021-22, Hassan (KARNATAKA)","KANNIKA AVENUE, 3rd floor, opposite NEW BUS STAND, NEAR RR GOLD PALACE ARKALGUD HASSAN DISTRICT KARNATAKA573102"
"ADONAI MINISTRIES","AAAAA3721FE20215, Bangalore (KARNATAKA)","14, Heerchand road Bangalore North Fraser Town S.O BANGALORE Karnataka 560005"
"ADITI ALUMNI ASSOCIATION","AACTA7526KE20214, YELAHANKA NEW TOWN (KARNATAKA)","Mallya Aditi International School, CA Site No 16 , YELAHANKA NEW TOWN"
"ASEDUCATIONAL TRUST R","AACTA8984B, BANGALORE (KARNATAKA)","NEW LEARNING LADDERS INTERNATIONAL SCHOOL NO332/2, 2ND A MAIN ROAD OPP BCHANNASANDRA RAILWAY STATION, B CHANNASANDRA"
"ARSHA DHARMA SEVA TRUST","AADTA3344CE20212, BANGALORE (KARNATAKA)","NO 08 5TH CROSS ROAD PUTTAIAH COMPOUND ASHWATHNAGAR MAIN ROAD ASHWATHNAGAR BANGALORE"
"ART MANTRAM TRUST","AADTA3485GE20218, BANGLAORE (KARNATAKA)","80 INFANTRY ROAD BANGALORE NORTH BANGALORE"
"ABHAYA SEVA EDUCATIONAL TRUST","AAHTA8812F, bangalore (KARNATAKA)","No 12 1 1 Srinivasa Pura Kogilu Grama, Bangalore North Bangalore-560064"
"ADE CHARITABLE TRUST","AAJTA3287EF20221, Banglore (KARNATAKA)","Sy No 87 Byandahalli Village Kadabagerep o"
"ARYA VYSYA MANDALI TRUST","AAJTA8888K, MULBAGAL (KARNATAKA)","KANNIKA PARAMESHWARI TEMPLE BIG BAZAR STREET MULBAGAL"
"ADONAI TAMIL CHURCH","AAKTA1351NE20231, Bangalore (KARNATAKA)","Flat 001, Green View Apartments, No. 1/1, Ramakrishnappa Road, Cox Town, Bangalore"
"ACHINTYAAH RENOVATION FOUNDATION","AAKTA4654LE20231, Bangalore (KARNATAKA)","2287,14th Main Road HAL 2nd Stage, Indiranagar S.O,"
"ABRAR EDUCATION & CHARITABLE TRUST","aakta5768m, gulbarga (KARNATAKA)","plot no 49 50 opprainbow school behind manur hospital ring road gulbarga"
"ADIDRAVIDACHARITABLEANDWELFARETRUST","ARS-4-00068-2023-24, ARSIKERE (KARNATAKA)","DR AMBEDKAR NAGARA HASSAN ROAD ARSIKERE"
"ARUNODAYA CHARITABLE TRUST","AUD-400054-2016-17, AURAD B (KARNATAKA)","AT, AURAD (B) TQ. AURAD (B) DIST. BIDAR"
"AAYAAMA","BAN(U)-KNGR/426/2014-2015, Banglore (KARNATAKA)","D.no. 982, 21st main road, 2nd block, mariyappanapalya, jnanabharathi layout, Nagadevanahalli, karnataka, bangalore-560056"
"A & A EDUCATIONAL TRUST","BDII-4-00143-2023-24, Virgonagar (KARNATAKA)","Flat No. 302, 3rd Floor, Apartment MSR Enclave No. 168, Godhavari Ganga 1st Cross, Sai Seriniti Layout, Seegehalli, Virgonagar"
"AADARANA CHARITABLE TRUST","BDR-4-00118-2019-20, BIDAR (KARNATAKA)","AT. HO. NO. 14-10-104,1, JHARNA ROAD EDEN COLONY MANGALPET BIDAR"
"ASHAKIRAN INTEGRATED EDUCATION & RURAL DEVELOPMENT SOCIETY","BDR-S69-2014-15, BIDAR (KARNATAKA)","AT: PLOT NO. 1, OPP: LAHOTI MOTORS, BESIDE SBI BANK MADHAV NAGAR BIDAR"
"AADHAR EDUCATION SOCIETY","BEL-S417-2006-07, Belgaum (KARNATAKA)","Court Road Maratha Mandals Compound, Chavat Galli , Belgaum Taluk and district"
"Abhiyan Foundation","BEL-S527-2007-08, Hukkeri (KARNATAKA)","Near Laxmi Temle ,Badiger oni Hukkeri,Karnataka-591309"
"ADARSH FOUNDATION","BEL-S-866/06-07, RAMDURG (KARNATAKA)","DR. A. P. J.ABDUL KALAM BHAVAN , PLOT NO:- 30/07 , SR NO 247/B NEARNEW BUSTAND GANDHINAGAR ROADRAMDURG-591123 DIST:-BELGAUM STATE:- KARNATAKA,INDIA"
"Adarsh Garment Cluster Development Association","BEL-S932-2012-13, Belgaum (KARNATAKA)","DR. A. P. J. ABDUL KALAM BHAVAN , 247/B, PLOT NO 3007, NEW BUSTAND ROAD, GANDHINAGAR, RAMDURG, BELAGAVI, KARNATAKA"
"ADARSH VIDYAVARDHAK SANGH","BGK-S491-2014-15, BEWOOR (KARNATAKA)","ADARSHA VIDYA VARDHAK SANGHA DESTITUTE COTTAGE NEAR BUS STOPBEWOOR TQ:DUST: BAGALKOT"
"ACTIVE EDU FOUNDATION","BGR-4-00067-2020-21, BANGALORE (KARNATAKA)","Third floor, S4 Square1st Cross Road ,Neeladri nagarElectronic City Phase 1Bangalore-560100"
"ABHAYAS EDUCATIONAL TRUST","BK 14 129/2016-2017, Bangalore (KARNATAKA)","12, 6th Cross Gururaja Layout Near Shiva Temple Doddanekundi Bangalore, KARNATAKA560037"
"A R TRUST","BK IV 116/20-21, CHANNAPTNA (KARNATAKA)","NO 1029/867, AAMIRAH MANZIL, UPPER DAIRA, MADINA ROAD, CHANNAPATNA CITY, RAMNAGARA-562160"
"AAYAN EDUCATIONAL AND WELFARE TRUST","BK IV 168 16-17, BANGALORE (KARNATAKA)","NO 46, 14th CROSS , KANAKA NAGAR , RT NAGAR BANGALORE 560032"
"AROUSH EDUCATIONAL TRUST","BK IV 173/23-24, BANGALORE (KARNATAKA)","NO. 49, 4TH FLOOR, 4TH CROSS, MUNIVEERAPPA LAYOUT, SHAMPUR RAILWAY GATE, BANGALORE, KARNATAKA"
"AARUNYA FOUNDATION","BK IV 177/ 2018-19, BANGALORE (KARNATAKA)","G2, RENAISSANVCE APARTMENTS.NO. 11, MILTON STREET, COOKE TOWN BANGALORE560005"
"ADISHAKTYATMAKA SRI ANNAPOORNESHWARI DEVASTHANADA RAKSHANA PRATHISTHANA","BK IV 22/1979-80, CHIKMAGALUR (KARNATAKA)","NO.1, CAR STREET, HORANADU"
"ASHA FOUNDATION","BK iv 25/2014-15, CHICKBALLAPUR (KARNATAKA)","ASHA FOUNDATION(R) DOOR NO.501.MANCHANABALE(V) CHICKBALLAPUR TALUK AND DIST KARNATAKA STATE INDIA"
"ADARSH EDUCATION AND CHARITABLE TRUST","BK IV 82/15-16, Shimoga (KARNATAKA)","No 95, Vijaya 1st Floor, Behind Inchara school, Al- harim Layout, Gopala Shimoga."
"Artsparks Foundation","BK IV BNG- BMH 84/2015-16, BANGALORE (KARNATAKA)","18 2nd Floor 5th Cross Road, KHB Colony 5th Block Kormanagala ,Bengaluru , Karnataka 560034"
"ABILITTY UNLIMITED TRUST","BK IV BNG-BMH 124/2017-18, Bangalore (KARNATAKA)","T004, Zed Enclave, Singasandra, Hosur Main Road"
"ABU BAKAR SIDDIQ (R.Z)TRUST","BK IV BNG-BMH 837/2023-24, BANGALORE (KARNATAKA)","NO.50, KHATHA NO.72/50/3, MANGAMMANAPALYA, BOMMANAHALLI BANGALORE SOUTH TALUK BANGALORE KARNATAKA 560068 IN"
"ABHINITHA SEVA CHARITABLE TRUST","BK/IV/269/2020-21, DODDDABIDARAKALLU (KARNATAKA)","ABHINITHA SEVA CHARITABLE TRUSTMRS.RAMA W/O HANUMANTHARAYAPPA. no.3044.ramaiah siddaganga layout , byraeshwara nagar,doddabidarakallu,banglore north-560073"
"ARUNA EDUCATIONAL TRUST R","BK4 64/23/25, Bangalore (KARNATAKA)","MANCHANAHALLI ROAD NEAR NAGALINESHWARA TEMPLE KUVEMPU NAGARA ATTIBELE"
"AARAMBHA EDUCATIONAL TRUST","BKIV 571/23-24, Bengaluru (KARNATAKA)","No. 472, 4th Cross, 2nd Block, 80 ft road, BDA Layoutt, Opp Platinum Lifestyle apartment, JP Nagar 8th phase, Bangalore- 560083"
"ARUNODAYA EDUCATIONAL TRUST","BK-IV-1/2008/09, Shimoga (KARNATAKA)","ARUNODAYA EDUCATIONAL TRUST A.J.arcade 2nd floor, Shivamurthy Circule Shivamoga Pin;577201"
"A.B. EDUCATION TRUST","BK-IV-102/14-15, Bangalore (KARNATAKA)","No. 16, 2nd Floor, Main, Kalathur Layout, Jalahalli, Bangalore560013"
"Accelerate India Foundation Trust","BK-IV-155/17-18, Bangalore (KARNATAKA)","92, 2nd Main, 2nd Cross, CIL Layout, Sanjaynagar, Bangalore-560094"
"AADHYA CHARITABLE TRUST","BK-IV-173/2018-19, Bangalore (KARNATAKA)","C/O Somashekara, No:22,Sapthagiri Layout, Doddabidrakallu,Bangalore-North, Nagasandra-Bangalore-560073"
"AARUNYA SEVA TRUST","BK-IV-255-2016-17, banglore urban (KARNATAKA)","205, Sir. M. Vishweshwaraiah Layout,1st block, near K.H.B.platinum housing board apartment road,B-560056"
"AD LIFE TRUST","BK-IV-269-2019-20, BANGLORE (KARNATAKA)","NO. 82, 3rd Floor , 1st Cross Road , S.T Bed, 4th Block , Koramangala, Banglore , 560034"
"ADMS EDUCATIONAL TRUST","BKIV271/2016-17, Bangalore (KARNATAKA)","P3-604, SNN Raj Serenity, Yellanahally, Begur Koppa Road"
"ASHALAYA","BKIV2730910, BANGALORE (KARNATAKA)","Ashalaya, Katherine Nivas, Chikkajala Village, Jala Hobli, Vidyanagar Post, Bangalore North, 560077"
"AARON'S NEST","BK-IV-444/15-16, Bangalore (KARNATAKA)","76 VELLARA COTTAGE DAVID CHICOROAD KOTHANUR BANGALORE"
"ARTMA FOUNDATION","BK-IV-614/2019, Bangalore (KARNATAKA)","161, Sobha Lavender, off Outer Ring Road, Bellandur"
"AARZOO FOUNDATION TRUST","BK-IV-799-2019-20, BANGALORE (KARNATAKA)","S01, SMART PLAZA, COLES ROAD , FRAZER TOWN BANGALORE560005"
"ASHA KIRANA FOUNDATION","BKIV97202122, BANGALORE (KARNATAKA)","17 4TH MAIN KALYANANAGARA MUDALAPALYA NAGARABHAVI"
"ARUNODAYA NETWORK OF POSITIVE PEOPLE","BLU S1249-2005-06, Bangalore (KARNATAKA)","KC General Hospital5th CrossMalleshwaram, Behind Police stationBengalore-560003"
"ABAI","BLU-S394/2006-07, Bangalore (KARNATAKA)","No 73/1, Nalapad Brigade Centre, Mahadevapura, Whitefield Main Road"
"AARYAVARDHAN EDUCATION TRUST","BLY-4-00045-2024-25, Ballari (KARNATAKA)","MSG Plaza Ground Floor Door No 02/A Corporation Ward No 22 Opposite 5th Cross Renuka Nagar Talur Road Ballari 583101 Karnataka"
"ACHARYANET FOUNDATION","BMH-4-00152-2023-24, BANGALORE (KARNATAKA)","B08 chaitanya smaran, whitefield hoskote road, Kannamangala, Bangalore 560067"
"ABEEDA BEEVI MEMORIAL TRUST","BNG (U) BYP 578, BANGALORE (KARNATAKA)","508, Bangalore North, Sahakaranagar P.O S.O,BANGALORE,Karnataka,INDIA,560092"
"arthritis foundation of asia","BNG(U)-207/2010-2011, BANGALORE (KARNATAKA)","672 13 th cross 2t th main1st sector HSR lay outbangalore 560102"
"ACTS OF HOPE","BNG(U)-BLR(S)/587 2006-07, Bangalore (KARNATAKA)","Acts of Hope Lovedale Layout, Kasavanagalli, Carmelaram Post, Bangalore560 035"
"A ONE EDUCATIONAL WELFARE TRUST","BNG(U)BSKJ 136/2011-12, BANGALORE (KARNATAKA)","No: 117, 6th Main Road, 6th Cross, Near Quba Masjid, Yarab Nagar, Banashankari, Bangalore560070"
"ADVAITH FOUNDATION","BNG(U)JNR 169/2004-2 004/BK IV, Bangalore (KARNATAKA)","SURVEY NO 52 LAKSHMI PURA VILLAGE SAKALAWARA POST, OFF BG ROAD"
"AAROCARE","BNG(U)JNRI915/2015-2016/BKIV, BANGALORE (KARNATAKA)","Old No.2, New No.109/1 10th Main, Opp. Madhavan ParkJayanagar 3rd Block, Bangalore"
"Adiksha Foundation","BNG(U)SHR 146 21-22 BK IV 1-24, Bengaluru (KARNATAKA)","No 302 Prosper Lakeshore Apartment, 41st Main 4th Cross BTM Layout 2nd stage, Bangalore South, Karnataka-560068"
"ABUNDANT LIFE FOR ALL MINISTRIES","BNG(U)YLNK/93/2002-2003, BANGALORE (KARNATAKA)","NO.83 I MAIN 24TH CROSS MARUTHI NAGAR YELAHANKA BANGALORE-64"
"A F CHARITABLE TRUST","BNS400031-2013-14 , Bangalore (KARNATAKA)","178,178/1 179 Near Government School Yerappanahalli Bengaluru"
"ADVANTAGE ELDER CARE TRUST","BNS-4-00277/2009-10, Bangalore (KARNATAKA)","No.45/2, Behind CSI Colony, Kothanur"
"ADARANE CHARITABLE TRUST","BNS-4-00554, Bangalore (KARNATAKA)","No. 732, 2ndCross, RK Hegde Nagar, SRK Nagar PO"
"ADONAI MISSION CHARITABLE TRUST","BNS-4-00815-2021-22, BANGALORE (KARNATAKA)","No.24 Banaswadi Main Road, Maruthi Sevanagar Post, Bangalore560033"
"ABHAYAS PRESCHOOL EDUCATIONAL TRUST","BNS-IV-162-22-23, BANGALORE (KARNATAKA)","273 3RD CROSS MANJUNATHA LAYOUT MARATHAHALLI BANGALORE-560037"
"A Plus Institute","BOOK 4 104 2017-2018, Gulbarga (KARNATAKA)","H. no-3-1011 Siddaganga tower 2nd floor near big bazar STBT road Kalaburagi. 585101"
"Aryan gaushala trust","Book IV 206/2019-20, Gulbarga (KARNATAKA)","PLOT NO 164,165 JANATA LAYOUT KARUNESHWAR NAGAR NEW JEWARGI ROAD GULBARGA"
"AASARE SEVA SAMSTHE","BOOK IV 294/13-14, ANEKAL TALUK (KARNATAKA)","NO 240 JANATHA COLONY KAVALAHOSAHALLI KASABA HOBLI SIDHOSAKOTE POST ANEKAL TQ"
"ABDUL NABI EDUCATIONAL CHARITABLE AND SOCIAL WELFARE TRUST","BooK IV No 99/2011/12, KALABURAGI (KARNATAKA)","H NO 7-1202/36/A GESUDARAZ COLONY ROZA B GULBARGA"
"Arthasadhana Foundation","BOOK IV-120/21-22, Bangalore (KARNATAKA)","50, 17th Main, Priyadarshini Layout, Bharat Nagar 2nd Stage, Bangalore-560091"
"AATMANIRBHAR FOUNDATION OF INDIA","BOOK4103/2020, BANGALORE (KARNATAKA)","166/167, PHASE 2 , ADARSH PALM MEADOWS , WHITEFIELD"
"AAFIEA CHARITABLE TRUST","BOOK-IV/325/2024-25, Bangalore (KARNATAKA)","No 434 MCECHS 1st phase 4th Cross 1st Main"
"AASHAYEIN FOUNDATION","BSG-4-00059-2007-08, BANGALORE (KARNATAKA)","711,9th A Main Road, First Stage"
"A AA E EE EMPOWERS","BSG-4-00139-2024-25, Bangalore (KARNATAKA)","Shree Guru Krupa 352,76th Cross,78th Main,1st stage Kumaraswamy Layout, Bangalore, Karnataka-560078."
"ARUNODEEP EDUCATIONAL TRUST","BSG-4-00141-2023-24, Bengaluru (KARNATAKA)","SY -14/2,15/1.15/2 F NO-705, ""B"" BLOCK G K GOLDEN CITY, KUDLU, SARJAPURA HOBLI, ANEKAL TALUK, BANGALORE"
"Adamya Rangasamskruti Trust","BSG-4-00180-2010-11, Bangalore (KARNATAKA)","No.89, Ramajyothinagar, Dubasipalya Road, R V Engineering College Post, Mysore Road, Bangalore"
"AAHWAHAN FOUNDATION","BSG-4-00351/2016-17, BANGALORE (KARNATAKA)","No.40, South End Main Road, Jayanagar 9th Block, Bangalore-560069"
"ADITYA EDUCATIONAL TRUST","BSKD121, Bangalore (KARNATAKA)","No.174/40, Lucky Paradise, 8th F-Main,22nd Cross, 3rd Block, Jayanagar, angalore."
"ASDA INTERNATIONAL TRUST","BYP-4-00288-2024-25, bengaluru (KARNATAKA)","Number 39, 2nd floor, 2nd block, MIG 707,ynk newtown, bangalore 560064"
"ARSH HUMAN NEEDS FOUNDATION","CA NO-1433/20-21, BANGALORE (KARNATAKA)","No 48,Ground Floor, Arsh Township,5th Main Road, Jayamahal, Bangalore -560046"
"ASHA KIRANA FOUNDATION","CAN-4-00041-2009-10, Channapatna (KARNATAKA)","No.01, Kunthurudoddi, Mylanayakanahalli Post, Channapatna Taluk"
"ARUNYA FOUNDATION","CD NO MGCD618, Mangaluru (KARNATAKA)","1 N-6-453/16, 1st Floor, M/s Super Automobiles, NH-66, Daddalkad, Ashok Nagar Post, Near Canara Sales"
"AASHIRVAD TRUST","CKB-4-00083-2010-11, Chikkaballapura (KARNATAKA)","no.9,Mathrushree Nilaya,Thimmaka layout"
"ACHARYA VIDYADHISHTHANAM TRUST","CMP-4-00002-2024-25, Bengaluru (KARNATAKA)","No.191/23, 11th Main, 3rd Cross, VK Gokak Road, Hanumanthnagara"
"AAROHANA TRUST","CMP-4-00038-2022-23, Bangalore (KARNATAKA)","No.147, DVG Road, Behind Khadi Nation, Basavangudi, Bengaluru560004"
"ASG WELFARE AND CHARITABLE TRUST","CMP-4-00087 2019-20, BANGALORE (KARNATAKA)","NO 4013 K R ROAD BANASHANKARI 2ND STAGE"
"ASEEMA","CMP-4-00104-2020-21, Bangalore (KARNATAKA)","104, Srinivasa Nilaya, 4th Cross, Vittal Nagar, Chamarajpet, Bangalore"
"ABHYUDAYA","CRJ-4-00133-2020-21, Chamrajanagara (KARNATAKA)","Chikkatuppur Village Gundalpete Taluk Dist- Chamrajanagara"
"Action Initiative for Development AID","DA/76/2005-06, Jagalur (KARNATAKA)","Gowripura. Kyasenahalli post,Jagalur Taluk, Davanagere district, Pincode: 577528 Karnataka state, India. aidorg@yahoo.inaidngo6@gmail.com 91 9035247600. 9481309481"
"ARPANA FOUNDATION","DBR-4/SOR/89/16-17, BANGALORE (KARNATAKA)","795,5TH MAIN,WOC ROAD, NAGAPURA,BANGALORE 560086"
"AASHIANAA ANINSTITUTE FOR SPECIAL CHILDREN","DDmy/DDW/03/2019-20/169, MYSORE (KARNATAKA)","520 MAHADEVAPURA EXTENSION UDAYAGIRI MYSORE"
"Asare Foundation (R)","DIT(E)BLR/122/A-1221/AACTA9172, BANGALORE (KARNATAKA)","NO.26 B CROSS SRI ENCLAVE 4TH FLOOR NO. 402 AIRPORT ROAD MURGESHPALYA BANGALORE"
"ACHARYA SHILPA KALA SHAALE PRATHISTANA","DNH-4-01005-2023-24, BENGALURU RURAL (KARNATAKA)","No. 140 B.B. Road, Shilpa Kala Shale, Devanahalli Town,"
"ABHYUDAYA KENDRA","DR/ SOR/ 123 /96-97, BELGAUM (KARNATAKA)","GRATIA PLENA CONVENT SANTIBASTWAD"
"ASHA KIRANA GRAMEENA ABHIVRUDDHI SOUNSTHE","DR/GDG/SOR-281/2011-12, Gadag (KARNATAKA)","Near Jumma Mazid , Village Lakkundi, Taluk Gadag, Distict Gadag , State Karnataka, Pincode 582115"
"ACADEMIC INSTITUTE OF COMPUTER EDUCATION SOCIETY","DR/REV/SOCIETY/688/2008-09, BIJAPUR (KARNATAKA)","ACADEMIC INSTITUTE OF COMPUTER EDUCATION SOCIETY, NAGATHAN BUILDING ,NEAR CORPORATION BANK, BIJAPUR"
"Adarsh Education and Social Welfare Scty","DR/ROS/101/93-14, Belgaum (KARNATAKA)","Plot no 2688, M M Extension Belagavi"
"ASHAJYOTHI SC/ST MAHILA ABHIVRUDDHI KENDRA","DR/SOR/25/96-97, BELAGAVI (KARNATAKA)","Plot No. 10564/A5, Opp. Vidyadhiraj Kalyan Mantap, Dharmanath Circle, Ram Nagar, BELAGAVI"
"ARUNODAY EDUCATION SOCIETY HANDIGUND","DR/SOR/44/91-92, HANDIGUND (KARNATAKA)","ARUNODAY EDUCATION SOCIETY AP HANDIGUND TQ RAIBAG DIST BELAGAVI -591235"
"ARUNODAYA INTIGRATED COMMUNITY DEVELOPMENT SOCIETY","DR596/2008-09 DATED 29-11-2008, BENGALURU (KARNATAKA)","1/1, first main, MARENAHALAYY, VIJAYANAGAR, BENGALURU-40"
"ARYA LOTUS RESIDENTS WELFARE ASSOCIATION","DRB3/SOR/162/2023-24, Bangalore (KARNATAKA)","Arya Lotus, Abhayadhamma Road, D Silva Layout, Whitefield Bengaluru, Bengaluru Zone -3 Mahadevapura, Kadugodi"
"ABHAYA SEVA SAMITI SOCIAL WELFARE SOCIETY","DRB3/SOR/246/2018-2019, BANGALORE (KARNATAKA)","83, NEAR MARAMMA TEMPLE, SADARAMANGALA VILLAGE, KADUGODI POST, BANGALORE"
"ADITHYA LAND OWNERS WELFARE ASSOCIATION","DRB3/SOR/73/2024-2025, Bangalore (KARNATAKA)","NO.13 BRINDAVAN K.R DEFENCE COLONY PHASE 2 CHEEMASANDRA BIDARAHALLI BANGALORE BANGALORE ZONE 3 K.R. PURAM VIJINAPURA 560049"
"ASHADEEP SOCIAL WELFARE SOCIETY","DRBG/SOR/1077/2018-2019, BELGAUM (KARNATAKA)","CTS NO 1269/74, T3, ANNAPURNA KRUPA BUILDING, NEAR GOA VES, BELGAUM"
"AASARE FOUNDATION","DRBG/SOR/1389/2022-2023, BELGAUM (KARNATAKA)","PLOT NO 255, BUDA SCHEME 40 NISARGA COLONY, JAYANAGAR HINDALGA ROAD HINDALGA BELGAUM 591108"
"Aadhar Foundation Bedkihal","DRBG/SOR/1481/2017-2018, Chikodi (KARNATAKA)","TMC Plot no.2512/1118, Gandhi Market Shetty Galli , Chikodi -591201"
"ACHIRA FOUNDATION","DRBG/SOR/183/2018-19, Belgaum (KARNATAKA)","CTS NO, 712 B SECTOR NO:19,ANAJAEYA NAGAR , M M EXTENSION / A/P BELGAVI"
"ADARSHA SOCIAL FOUNDATION","DRBG/SOR/570/2021-2022, YADUR (KARNATAKA)","ADARSHA SOCIAL FOUNDATION DR. SUNKE BUILDING YADUR TQ.CHIKODI DIST.BELGAUM STATE KARNATAKA"
"AARADHYA FOUNDATION","DRBG/SOR/689/2020-21, KONNUR (KARNATAKA)","MAIN ROAD KONNUR"
"ASHA KIRANA MANAVA SAMPANMULA GRAMINA ABHIVRADDHI SANSTHE","DRBGK/54/2009-10, Bagalkot (KARNATAKA)","Ashakirana Manava Sampanmula Gramina Abhirvraddhi Sansthe Aluru L T (Dhrama Nagara) Hiregulabala Post Bagalkot"
"AADHAR EDUCATION AND RURAL DEVELOPMENT SOCIETY","DRBI/SOR/36/2018-19, BHALKI (KARNATAKA)","H NO 5-9-81/1(19) BEHIND APMC YARDBHALKI DIST BIDAR"
"AROHANA SOCITY FOR SOCIAL DEVELOPMENT SAMSTHE","DRBL/SOR/326/2018-2019, KUDLIGI (KARNATAKA)","AROHANA SOCIETY FOR SOCIAL DEVELOPMENT SAMSTHE 3RD WARD SRINIVASA NAGARKUDLIGI CITYKUDLIGI 583135BEELARYDISTRICT"
"adhishakthi ranga kalasamsthe","DRB-S/SOR/57/2012-13, Bangaluru (KARNATAKA)","81/1 Pujari building ,Appyanna Road,AK colony, konanakunte,Bangalore"
"ARYA VYSYA MANDALI","DRCB/SOR/214/2022-2023, GAURIBIDANUR (KARNATAKA)","SRI KANYAKAPARAMESHWARIDEVALAYA SANTHEBEEDI D .PALYAROAD MANCHENHALLITOWN MANCHENAHALLI TALUK GAURIBIDANUR -561211 CHIKKABALLAPUR"
"ADHIRAKSHANA SAMAJA SEVA SAMSTHE","DRCT/SOR/253/2019-2020, Chitradurga (KARNATAKA)","ADHIRAKSHANA SAMAJA SEVA SAMSTHE(R,)NEAR RAILWAY STATION CHITRADURGA-577501"
"ASARE MAHILA GRAMEENABHIVRUDDI SAMSTHE","DRDV/SOR/100/2020-2021, HARIHAR (KARNATAKA)","ASARE MAHILA GRAMEENABHIVRUDDI SAMSTHE, NO.1-102MAHALAKSHMI COLONY, GUTTUR, HARIHAR-577602 DAVANGERE"
"ABHAYA FOUNDATION","DRHA/SOR/352/2018-2019, HASSAN (KARNATAKA)","DOOR NO 51, VIJAYNAGAR 3RD STAGE HASSAN"
"Arunodaya Grameenabhivrudhi Vividhodeshgala Samsthe","DRJ/SOR/953/2016-17, BIJAPUR (KARNATAKA)","JORAPUR PET BABALESHWAR NAKA BIJAPUR 586101 KARNATAKA"
"Abhyudaya Grameenabhivrudhi Vividhoddeshgala Samsthe","DRJ/SOR/956, BABALESHWAR (KARNATAKA)","SHANTHAVEER CIRCLE BABALESHWAR 586113"
"ARUNODAYA GRAMABHIVRUDDI SAMSTHE","DRK/S-239/2016-17, MULBAGAL (KARNATAKA)","BEHIND A.D.A OFFICE, THYARAJA COLONY, MULBAGAL TOWN, KOLAR DIST 563131"
"ASHA KIRAN SEVA SAMSTHE NEAR MALENDRA MATH AFZALPUR","DRKB/SOR/14/2021-2022, AFZALPUR (KARNATAKA)","ASHA KIRAN SEVA SAMSTHE AT MALENDRA MATH COLONY BUS STAND ROAD AFZALPUR585301 KALABURGI"
"AARUSH GRAMEENA & RURAL SOCIETY","DRKB/SOR/312/2019-2020, KALABURGI (KARNATAKA)","AARUSH GRMEENA"
"AASARE RURAL DEVELOPMENT ORGANIZATION GANGAVATHI","DRKP/SOR/98/2018-2019, GANGAVATHI (KARNATAKA)","GANGAVATHI TQ-GANGAVATHI DIST-KOPPAL GANGAVATHI-582112"
"ADVAITH VISHWASTHA MANDALA","DRL/SOR/BGM/596/2016-17, BELAGAVI (KARNATAKA)","DR SV HIREMATH, NO 931, SHRI MAHALAXMI NILAYA, SCHEME 40, KUVEMPU NAGAR, BELAGAVI"
"A J M ENCLAVE LAYOUT ASSOCIATION","DRMY/SOR/358/2023-2024, MYSORE (KARNATAKA)","No. 74, 1st Stage, 2nd Cross, AJM Layout Rajiv Nagar Mysore-570019"
"ARYAVAISHYA MANDALI PETE HUNSUR","DRMY/SOR/692/2017-2018, HUNSUR (KARNATAKA)","SRI KANNIKA PARAMESHWARI DEVASTHANADA KATTADA S. G. ROAD HUNSUR MYSORE DISTRICT KARNATAKA"
"ASARE JANABHIRUDDI SAMSTHE","DRTU/SOR/519/2017-18, Tumkur (KARNATAKA)","Bharathi Nagara 1st cross behind industrial estate anganavadi near Tumkur572102 tumkur"
"ASHIRVAD SHAIKSHANIK HAGU GRAMEENABHIVRUDDI SAMSTHE","DRVJ/SOR/1227/2023-2024, HUBLI (KARNATAKA)","VIJAYAPURA ROAD VEERABHADRESHWAR NAGAR BASAVANA BAGEWADI 586203"
"AAM JANATA VIKAS SEVA SAMITI","DRZ/S/529/ 2016-17, HUBLI (KARNATAKA)","CHAMUNDESHWARI NAGAR, HUBLI, TALUK: HUBLI DISTRICT: DHARWAD STATE: KARNATAKA"
"ADARSH YUVAKA MANDAL","DRZ/SN/2019-20, Dharwad (KARNATAKA)","At post hireharakuni tq kundgol dist Dharwad 581113"
"AAPATHABANDHAVA","DRZ/SN/607/2016-17, HEBBALLI (KARNATAKA)","1451A, NAIKAR ONI, HEBBALLI"
"ADVAITA FOUNDATION","DSP-4-00020-2013-14, Bangalore Rural (KARNATAKA)","741, V Prasad Complex, 2nd Floor, Opp to Govt Hospital, Sulibele, Main Road, Hoskote Taluk,Bangalore"
"ADB FOUNDATION TRUST","DVD-04-00071-2021-2022, devadurga (KARNATAKA)","ADB Foundation trust H no 66 Devatagal Tq devadurga Dist Raichur"
"AASHRAYA FOUNDATION","DVG-4-00290-2023-24, Davangere (KARNATAKA)","MCC b block Davangere"
"ABHAYA SPANDHANA","DVG-SO401-2010-11, DAVANGERE (KARNATAKA)","ABHAYA SPANDANA AKKAMAHADEVI ROAD PJ EXTENSION DAVANAGERE DISTRICT DAVANGERE"
"ACADEMY OF COMPARATIVE PHILOSOPHY AND RELIGION","E-233(BGM), BELGAUM (KARNATAKA)","GURUDEV RANADE MANDIR HINDWADI BELGAUM"
"ASHAKIRAN TRUST REGD","E283KWR, Siddapur (KARNATAKA)","Haladakatta,Siddapur,Uttara kannada"
"ADARSHYA SHIKSHAN SAMSTA","E751(BGM), GOKAK (KARNATAKA)","ADARSHYA SHIKSHAN SAMSTA BANAGAR GALLI GOKAK-591307"
"Adichunchanagiri University","ED254URC2017, B G Nagara (KARNATAKA)","Adichunchanagiri University B.G. Nagara, Mandya District, KARNATAKA 571448, INDIA"
"Action Aid","F00846, BANGALORE (KARNATAKA)","139 RICHMOND ROAD Bangalore"
"ADRES NOW INTERNATIONAL CENTRE","GAN-4-00013-2020-21, Bangalore (KARNATAKA)","63, Palace Road Vasanthnagar"
"AAKRITII NGO","GAN-4-00052-2024-25, BENGALURU (KARNATAKA)","31, 2nd Main Rd, Venkatagowda Layout, Hebbal Kempapura, Bengaluru, Karnataka 560024"
"ACHARYA SHANTI SAGAR FOUNDATION","GAN-4-00431-2018-19 , BANGALORE (KARNATAKA)","GOLDEN ENCLAVE,5TH FLOOR,CORPORATE BLOCK, TOWER B1,HAL OLD AIRPORT ROAD,BANGALORE-560017"
"2 POWER 5 CHARITABLE TRUST","GAN400486200506, BANGALORE (KARNATAKA)","D11 308 WHITE HOUSE RT NAGAR"
"ADVAITAPEETAM TRUST","GDB-4-00004-2020-21, BANGALORE (KARNATAKA)","7/2, SMB ASHRAMA, VITTAL NAGAR, NEAR MULKATAMMA TEMPLE, CHAMRAJPET, BANGALORE-560018"
"ASHA JYOTI EDUCATIONAL & CHARITABLE TRUST","GLB-4-00155-2023-24, GULBARGA (KARNATAKA)","H NO 117 KHB COLONY, SHANTI NAGAR, OPP. SHOLAPUR NURSING HOME, MSK MILL ROAD"
"AS SALAM CHARITABLE TRUST","HBB-4-00132-2024-25, BANGALORE (KARNATAKA)","1 SURVEY 5 ,KASABA HOBLI BHOOPSANDRA BENGALURU , KARNATAKA"
"ACADEMY FOR CREATIVE TEACHING TRUST","HBB-400190-2013, Banglore (KARNATAKA)","480, 6th Main, HMT Colony, Opp Bus Depot, R T Nagar"
"ADHIKA JIVANA","HLS-4-00111-2013-14, Banglore (KARNATAKA)","15, Cockburn Road,Bangalore"
"ADI DRAVIDA VIDYA TRUST (S.C)","HNL-4-00022-2019-20, DAVANAGERE (KARNATAKA)","ADI DRAVIDA VIDYA TRUST (S.C) SASVEHALLI HONNALI TQ DAVANAGERE DIST. 577224"
"AAKAR AADHAR","HRR-4-00049-2021-22, DAVANAGERE (KARNATAKA)","KSSIDC, INDUSTRIAL ESTATE, Harapanahalli road, harihar-577601"
"AAPTAS AYURVEDA TRUST","HVR-4-00114-2023-24, Haveri (KARNATAKA)","Aaptas Ayurveda Trust (R) Shri Shiva Nilaya Kabburu- 581110"
"ARUNODAYA SHIKSHANA AROGYA MATTU KRUSHI ABHIRUDDI SWAYAM SEVA SAMSTHE","HVR-S27-2006-07, RANEBENNUR (KARNATAKA)","ARUNODAYA SHIKSHANA AROGYA MATTU KRUSHI ABIVRUDDI SEVA SAMSTHE. (R) RAHUTANAKATTI C/O SRI RAM COMPLEX ASHOK NAGARA 3RD CROSS RANEBENNUR DIST HAVERI STATE KARNATAKA 581115"
"A Hundred Hands","IN KA275887416941221, bangalore (KARNATAKA)","4 Ashley Road Off MG Road Bangalore 560025"
"A Dharma Sastha foundation","INR-4-00009-2020-21, BANGALORE (KARNATAKA)","no 51 19th cross Lakshmipuram Halasuru Bangalore North"
"AASHIKA SOCIAL SERVICE EDUCATIONAL TRUST","INR-4-00098-2020-21, Bengaluru (KARNATAKA)","No 27th, 5th Cross, 2nd Main, Gowthamapuram, Halasuru, Bengaluru 560008"
"101 REPORTERS MEDIA CHARITABLE TRUST","INR-4-00638-2019-20, BANGALORE (KARNATAKA)","NO.3071 , 11TH MAINROAD, 10TH CROSS, HAL 2ND STAGE, INDIRANAGAR"
"Abhishek Charitable Trust","IV 50/2013-14, Bangalore (KARNATAKA)","Abhishek Nethradhama, mosque complex, opposite Rajkamal theatre, Fort road, Dodballapur-561203 Bangalore rural district,"
"AASARE GRAMINA SEVA TRUST","IV244/23-24, BAGEPALLI (KARNATAKA)","159 4TH WARD BEHIND SHANTHINIKETHAN SCHOOL BAGEPALLI TOWN"
"ABHAYA KALPA FOUNDATION TRUST","IV-436/95-96 , BENGALURU (KARNATAKA)","69 10TH MAIN 2ND STG MARENAHALLI BINNY LAYOUT VIJAYANAGAR BENGALURU"
"ABHAYAHASTHA SEVA TRUST","IV74/2023-24, BAGEPALLI (KARNATAKA)","878 NEAR SLV DRIVING SCHOOL DVG ROAD GHANTAMVARIPALLI VILLAGE HOSHUDYA POST"
"artha academic foundation","JAY400094201718, BANGALORE (KARNATAKA)","203 2ND FLOOR KISHORE PARAMOUNT APARTMENT JHCS"
"AA KRISHNA EDUCATION TRUST","JAY-4-00751-2018-19, Bangalore (KARNATAKA)","No.214, Vinayaka Nagar, (Behind Udupi Grand Restaurant),Gunjur Post, Varthur Road, Bangalore 560087"
"ARTHA CHARITABLE TRUST","JGN-4-00001-2019-20, BANGLORE BANNERGATTA (KARNATAKA)","ARTHA CHARITABLE TRUST SY/No : 22/2 , bannerghatta biological park 1st gate opposite bannerghatta post bangalore 560083"
"ARUNDHATHI CHARITABLE TRUST","JPN-4-00069-2023-24, BANGALORE (KARNATAKA)","562 NEAR BWSSB QUARTERS KUPPAREDDYKERE ROAD THATHAGUNI P O KK PURA MN ROAG BANGALORE560082"
"1NGO","JPN-4-00367-2019-2020, Bangalore (KARNATAKA)","641, Sobha Dew Flower, Sarakki Main Road, JP NagarBengaluru 560078"
"ADARSH EDUCATION AND MULTIPURPOSE WELFARE TRUST","JVG-4-00032-2010-11, TQ JEWARGI DIST GULBARGA (KARNATAKA)","ADARSH EDUCATION AND MULTIPURPOSE WELFARE TRUST AT POST GANWAR TQ JEWARGI DIST GULBARGA 585303"
"AASHNA FOUNDATION","KA /DWR/ HUB /IV-42, HUBLI (KARNATAKA)","AASHNA FOUNDATION 134 BHANDIWAD BASE PHATTER PHOD STREET"
"ABILITY BUFF TRUST","KCH-4-00001-2024-2025, Bangalore North (KARNATAKA)","NO:15 9TH CROSS AMC ROAD KUSHAL NAGAR AC POST KG HALLI BANGALORE 560045"
"ARPITA FOUNDATION","KCH-4-00016-2019, BANGALORE (KARNATAKA)","9sp14, hbr 2nd stage extension, 3rd main road, arabic college post"
"ABHAYAHASTHA CHARITABLE TRUST","KKL-4-00167-2023-24, Karkala (KARNATAKA)","Srinidhi Kripa Tellar Road Karkala574104"
"A ONE FOUNDATION CHARITABLE TRUST","KLR-4-00510-2023-24, KOLAR (KARNATAKA)","MAHALAKSHMI LAYOUT, KEELUKOTE ROAD, NEAR GREEN BUILDING, M BROAD, KOLAR 563101, KARNATAKA"
"Artha Grameena Abhivruddhi Sangha","KOL-S368-2014-15, kushtagi (KARNATAKA)","chandalingappa kalalbanditheggina oni. ward 23.near BCM hostel Kushtagi. koppal 583277"
"ABHAY INTEGRATED DEVELOPMENT TRUST","KRID332, MAGADI (KARNATAKA)","ABHAY PARA MEDICAL COLLEGETHAGGIKUPPE ROADMAGADI TOWNMAGADI RAMNAGARA DIST- 562120"
"ASHANKURA","KRID-461, BANGALORE (KARNATAKA)","1H48 2ND CROSS RAMACHANDRA LAYOUT NEW TIPPASANDRA , BANGALORE560075"
"ABHIVRUDHI TRUST","LAG-4-00007-2015-16 , Bangalore (KARNATAKA)","NO 23 Gokula nilaya, D group layout 11th cross Andrahalli main Road, Andrahalli, Vishwaneedam S.O,"
"ACHARYA SRI TULSI MAHAPRAGYA SEVA KENDRA CHARITABLE TRUST","M525/2000-01 , Bangalore (KARNATAKA)","No.3 , ACHARYA SRI TULSI MARG, 2ND MAIN ROAD,, GANDHINAGAR , Bangalore , 15-Karnataka, 91-INDIA, 560009"
"AABS Foundation","MDPD542, bangalore (KARNATAKA)","6 1/c Naven First Floor Opp Rainbow chidren Hospital Doddekanakundi Bangalore 560037"
"ADHYAPANA PUBLIC CHARITABLE TRUST","MDY-4-00313-2023-24, MANDYA (KARNATAKA)","Reva complex, D3/1102/1871, Vinoba Road, Lawyers Colony, Subhash Nagar, Mandya571401"
"AS SWUFFAH FOUNDATION","MGC-4-00087-2019-20, Mangaluru (KARNATAKA)","25-23-1397/3, Jeppu Bappal, 1st Cross Road, Nandigudda, Mangaluru, Karnataka, D.K. District, 575002"
"1008 BHAGWAN SHRI MAHAVEER JAIN MINORITY CHARITABLE TRUST (R)","MUD-4-00029-2015-16 CD MUDD165, MUDDEBIHAL (KARNATAKA)","ALAMATTI ROAD MUDDEBIHAL-586212"
"ABDUR RAHMAAN KHAANDAAN (FAMILY) WELFARE AND CHARITABLE TRUST","MYE-4-00011, Mysore (KARNATAKA)","50 2nd Cross Kesare Rajendranagar,Mysore570007, Karnataka"
"ASHADAYAKA SEVA TRUST","MYN- 4-0006-2009-10, Mysore (KARNATAKA)","50 1st Main Road 4th Cross B M Srinagara Mettagalli Mysore"
"Adidravida Tamate Mattu Nagari Samskruthika Kala Vrunda","MYS s 501 -2007-08, MYSURU (KARNATAKA)","No 59B B KeriPulakeshi Road Mysore 570021"
"ABHIVYAKTHI TRUST (R)","MYS-4-00057-2022-23, Mysuru (KARNATAKA)","No.23A/24, 7th Main, 7th Cross, Saraswathipuram, Mysuru570009"
"ACE EDUCATION TRUST","MYS-4-00162-2010-11, Mysore (KARNATAKA)","No.6/1 Cauvery Arcade, Vishwamanava Double Road,Saraswathipuram"
"ABHINAVA ANANDA CHARITABLE TRUST","MYS-4-00181-2024-25, Mysore (KARNATAKA)","467 Chaitanya 2nd Main 4th Cross 2nd Stage M Block Kuvempunagara Mysore"
"ACADEMY FOR TECHNICAL & MANAGEMENT EXCELLENCE","MYS-4-00191-2007-08, MYSORE (KARNATAKA)","2904,2ND FLOOR, NEW KANTHRAJ URS ROAD, SARASWATHI PURAM, MYSORE"
"Adullam Educational Institution","MYS-S209-2006-07, Hunsur (KARNATAKA)","BM Bypass, 1st Cross, River Road"
"ABHIRAM BHARATHAVAMSHI CULTURAL FOUNDATION","NGB400044202122 CD no.NGBD958, BANGALORE (KARNATAKA)","No. 1201, ""SRI HARI SARVOTHAMA"" Block A,BDA Brahmagiri apartments, 5th North Cross,Mangala, 2nd Stage, 8th Block, Nagarabhavi"
"ARUDRA TRUST","NGB-4-00068-2024-2005, BENGALURU (KARNATAKA)","68, 1ST MAIN ROAD, NEAR NATIONAL LAW COLLEGE, NAGARABHVI VILLAGE, BENGALURU560072"
"A GOOD DEED CHARITABLE TRUST","NGB-4-00132-2023-24, Bangalore (KARNATAKA)","No. 126, 3rd Main Road, 12th Block, Nagarbhavi 2nd Stage, Bangalore560072"
"AAJIVIKA","NGB-4-00250-2016-17, Mysore (KARNATAKA)","ˆ52, Old Old Sosale 1, T Narasipura Taluk, Mysore District"
"AASARE RURAL AND URBAN DEVELOPMENT TRUST R","NGM-4-00042-2009-10, Nagamangala (KARNATAKA)","Madihalli Village, Honnavara Post, Bindiganavile Hobali, Nagamangala Taluk"
"AROOR EDUCATIONAL TRUST","NO A-40/12A , KOPPA (KARNATAKA)","KACHAGAL ROAD, KOPPA577126, CHIKMAGLUR DIST, KARNATAKA STATE"
"ARUNODAYA CHARITABLE SOCIETY","NO.131:2005-06, Maddur (KARNATAKA)","Rudrakshipura, Mandya, Somanahalli B.O, 571429, Karnataka, INDIA"
"ADARSH VIDYA SANGH","NO.78/71-72, BANGALORE (KARNATAKA)","g.93 puran seshachar lane a s street bangalore"
"AAKAR WELFARE CHARITABLE TRUST","NO.BNG(U)RRN150/2017-18, BENGALURU (KARNATAKA)","NO 153, DODDABELE COLONY, VIDYAPEETA POST, KENGERI, BNGALURU560060."
"AADYAHI EDUCATIONAL TRUST (R)","PNY-4-00170-2022-23, BANGALORE (KARNATAKA)","N0 747 SK COMPLEX GRUHALAKSHMI LAYOUT NELAGADARANAHALLI NAGASANDRA"
"ABHYUDHAYA SEVA PRATHISTANA","PVG-4-00100-2016-17, Bagepalli (KARNATAKA)","Paipalya Village, Julapalya post, Bagepalli Taluk, Chikkaballapura Dist. 563159"
"ADI JAMBHAVA SEVA WELFARE TRUST","RCR-4-00200-2014-15, Raichur (KARNATAKA)","1-12-72, Daddy colony Raichur"
"AASARE LIONS SERVICE FOUNDATION","REG NO.228, 2014-15, Bangalore (KARNATAKA)","597, Manjunatha Nilaya, Laggere Main Road, Parvathinagar, Bangalore, 560058, Bangalore North, Peenya I Stage S.O, BANGALORE"
"ADARSHA SAMAJA KARYA SAMSTE","REG:SOR:DVG:170:99-2000, DAVANAGERE (KARNATAKA)","ADARSHA SAMAJA KARYA SAMSTE (R) Door No 1959/30, Matru Krupa, 5th Main, 15th Cross, Vidya Nagara, Davanagere 577005 Karnataka"
"ART & PHOTOGRAPHY FOUNDATION","Regd. No.SHV-4-00042-2011-12, Bangalore (KARNATAKA)","Sua House No.26/1, Kasturba Cross Road Bangalore560 001"
"ARPAN FOUNDATION","RJN400078, BENGALURU (KARNATAKA)","NO 42, IST FLOOR5TH BLOCK, 59TH CROSS, RAJAJINAGAR"
"ADONAI FILMS RIVERS IN THE DESERT","RJN-4-00325/2010-11, Bangalore (KARNATAKA)","Flat no.301, Charles Apt, No.2 Ramkrishanappa Road, Cox Town"
"ABHIVRUDDHI FOUNDATION","RJN-4-00369-2013-14, Srirampuram (KARNATAKA)","No.9, 1st Cross, 1st main C, Block Swathanthra Nagar, Srirampuram Bangalore -21"
"AADYA-THE RAY OF HOPE","RJN-4-00401-2020-21, Bangalore (KARNATAKA)","19, 1st Main , SBI Colony, Kodichikkanahalli Bengaluru South , BANGALORE, Bangalore South, Bannerghatta Road S.O, Karnataka, INDIA560076"
"6TY PLUS FOUNDATION","RJN-4-00411-2015-16, BENGALURU (KARNATAKA)","No. LR-39, 2nd CROSS, LIG ROW HOUSES, NANDINI LAYOUT"
"ADITHYA BHAGWAN CHARITABLE & EDUCATIONAL TRUST","RJN-4-00444-2023-24, BANGALORE (KARNATAKA)","NO 7B 3RD CROSS NISARGA LAYOUT GIDADAKONENAHALLI BANGALORE"
"AABHARI TRUST","RJN-4-00585-2014-15, Bengaluru (KARNATAKA)","No.61, Bhavani Nagar, DB Kallu Channanayakana Palya, Nagasandra Post Bengaluru560073"
"AADRITI EDUCATIONAL TRUST","RJN-4-00753-2022-23, BANGALORE (KARNATAKA)","902 9TH CROSS 2ND MAIN ROAD GOKULA 1ST STAGE 2ND PHASE DIVANARAPALYA BANGALORE"
"ARTHYA EDUCATIONAL TRUST","RRN-4-00126-2024-25, bangalore (KARNATAKA)","no 614 Akshaya 13th cross 14th main Jp Nagar 2nd phase Bangalore 560078"
"ACADEMY OF LIBERAL EDUCATION REGD","S.28/66-67, SULLIA (KARNATAKA)","P O SULLIA SOUTH KANARAMYSORE STATE"
"ABHAYADHAMA HUMAN DEVELOPMENT CENTRE","S.No. 471/77-78, Bangalore (KARNATAKA)","Abhayadhama Road, Whitefield, Bangalore, Karnataka -560066"
"A Z SILK INDUSTRIAL ASSOCIATION","SAMNORA:36/2017-18, magadi (KARNATAKA)","JAMALSABPALYA villege.KEMPASANDRA post. MAGADI taluq. RAMANAGARA dist.562120"
"Adhara Shadja","SDP-4-00052-2014-15, Siddapura (KARNATAKA)","Adhara Shadja (R) Hirehadda Po: Hukkali Tq: Siddapura (U.K) 581331"
"Aapyam Ayurveda Foundation","SGR-4-0089-2013-14, SAGARA (KARNATAKA)","Pragathinagar, Jog Road, NH 206, Sagar-577401,Shimoga, Karnataka"
"ASHA Charitable Trust","SHV-04-00104-2008-09, Bangalore (KARNATAKA)","No. 75, Millers Road, Benson Town, Bangalore- 560046"
"Aarambh Foundation","SHV-4-00646-2018-19 -SHVD334, bangalore (KARNATAKA)","RF-503, Purva Riviera Marathahalli Bengaluru-560037 KARNATAKA, INDIA"
"ADARSH SOCIAL WELFARE & MINORITY WELFARE DEVELOPMENT TRUST","SIN-04-00025-2018-1019, sindagi (KARNATAKA)","Asma Manzil Opt RD patil College Sindagi"
"ABU TRUST","SIN-4-00005-2008-09, SINDAGI (KARNATAKA)","BEHIND AMBEDKAR CIRCLE OLD CHANDKAVTHE ROAD SINDAGI"
"ASHAKIRANA INTEGRATED RURAL DEVELOPMENT TRUST","smg-4-00226-2022-23, SHIVAMOGGA (KARNATAKA)","NEAR INFANT JESUS CHURCH, 5TH MAIN ROAD, SHARAVATHI NAGAR, SHIVAMOGGA"
"ABHAYA DHAMA HIV SONKITHARA BEMBALA SANGHA","SMG-S233-2006-07, SHIVAMOGGA (KARNATAKA)","RENUKAKRUPA NILAYA, NEAR OLD SEETHARAMA KALYANA MANDIRA, 1ST CROSS, DURGIGUDI, SHIVAMOGGA"
"ABHAYA INSTITUTE FOR AGRICULTURE & RURAL DEVELOPMENT.","SMG-S24-2013-14, SAGAR (KARNATAKA)","OLD R T O OFFICE,2ND CROSS, NEAR TO GOVT JUNIOR COLLEGE. VINOBHA NAGAR, SAGAR. SHIVAMOGGADIST,KARNATAKASTATE. PIN577401."
"ABUL QASIM CHARITABLE TRUST SANDUR","SNR-4-00004-2023-24, BELLARY (KARNATAKA)","NEAR 8 KOLAY GOVT SCHOOL,SANDUR TQ,BELLARY DIST"
"ABYUDAYA CENTRE FOR HUMANITY AND RURAL DEVELOPMENT","SOC 308/94-95, Tumkur (KARNATAKA)","""Siddaganga"" 8th Cross ,5th Main , S. S.Puram TUMAKURU -572102, KARNATAKA Mobile no 9845296471, Phone -08162279463"
"ASHAKIRAN EDUCATION & REHABILITATION SOCIETY","SOC.243/90-91, VADDAGERE (KARNATAKA)","Ashakiran education and rehabilitation society vaddagere koratagere taluk tumkur district"
"ARUNODAYA EDUCATION ASSOCIATION","SOR No 218:89, DAVANGERE (KARNATAKA)","SULTHANIPURA,NERLIGE POST,DAVANGERE TALUK,DAVANGERE DISTRICT"
"Asare-Rural Women Voluntary Organisation","SOR.160:91-92, Ramanagara (KARNATAKA)","Kumbara Colony, Harohalli"
"Abhinaya Ranga Kendra","SOR/BLU/DR/761/09-10, BENGALURU URBAN (KARNATAKA)","ABHINAYA RANGA KENDRA KARANATKA No 519 12th A cross Vigneshwaranagar Vishwaneedam Post Sunkadakatte Bangalore 560 091 Karnataka"
"ADIJAMBAVA SHIKSHANA SAMSTHE","SOR109:93, DEVADURGA (KARNATAKA)","ADIJAMBAVA SHIKSHANA SAMSTHEBAPUJI ONI DEVADURGA TQ DEVADURGA"
"ACHALA FOUNDATION","SRA-4-00218/2017-18, SIRA TOWN (KARNATAKA)","RANGANATHA COLLEGE BUILDING SRI RAGHAVENDRA SWAMY TEMPLE ROAD SIRA TOWN"
"Arunodaya trust","SRS-4-00019-2006-07, SIRSI (KARNATAKA)","Arunodhay Trust, Amulya Law Chamber, Opp Taluku Panchayat Office, SIRSI, SIRSI Taluku (NK)"
"Abhaya Kalpa Technologies Private Limited","U30007KA2007PTC043253, BENGALURU (KARNATAKA)","69 10TH MAIN 2ND STG MARENAHALLI BINNY LAYOUT VIJAYANAGAR BENGALURU"
"ACCPL Training Division A unit of Adityaa Call center Pvt Limited","U64202KA2001PTC029082, Bangalore (KARNATAKA)","ACCPL Training Division ( A unit of Adityaa Call Center Private Limited ) No. 88/1 , Shubh Arcade , 16th Cross Margosa Road , Malleswaram , Bangalore 560003"
"ADHAYAPANA FOUNDATION","U72100KA2023NPL174676, Belgaum (KARNATAKA)","GCC Campus College Road Belgaum"
"AADYA PANCHAGAVYA R & D CENTRE FOUNDATION","U72200KA2023NPL178931, BANGALORE (KARNATAKA)","NO 9 3RD FLOOR OUTER RING ROAD MARUTHI NAGAR R M V EXTENSION II STAGE BANGALORE NORTH BANGALORE -560094"
"ARTPARK FOUNDATION","U73100KA2021NPL147821, Bangalore (KARNATAKA)","Ground Floor, SID Entrepreneurship Building Indian Institute of Science"
"ARTILAB FOUNDATION","U74999KA2017NPL102732, BANGALORE (KARNATAKA)","VILLA 115, THE RETREAT, TARABANAHALLI, CHIKKAJALA PO, BANGALORE 562157"
"Aaroghya Foundation","U74999KA2017NPL108289, Bangalore (KARNATAKA)","No.403, Siri Landmark,Utharahalli Main Road,Utharahalli,Bengaluru-560061"
"AARAV INSTITUTE FOR MANAGEMENT SERVICES PRIVATE LIMITED","U74999KA2017PTC106263, Mysore (KARNATAKA)","22, 8th Main, 3rd Cross, Saraswathipuram, Mysore570009"
"ADISHANKARA FOUNDATION","U80900KA2014NPL073247, BANGALORE (KARNATAKA)","No.227, 4th Cross, Penfield Gardens, Telecom Layout, Yelahanka, Jakkur,Bangalore North KA 560064."
"Ada Lovelace Foundation","U80900KA2020NPL40590, Davanagere (KARNATAKA)","2034/20,Ground Floor 10th Cross Siddaveerappa Layout Davanagere-577004"
"ADVAITA GURUKULAM FOUNDATION","U80900KA2022NPL162223, Bangalore (KARNATAKA)","Advaitha Ashrama, C/o Revathi Chandru, GundamgereVillage, Hoshalli, Doddaballapur, Bangalore, Bangalore Rural, Karnataka, India, 561203"
"21K SCHOOL FOUNDATION","U80902KA2020NPL138812, Bengaluru (KARNATAKA)","Unit No. 32,W 76,Door 1, Adarsh Opus, Clayworks Opus, Campbell Road, Austin Town"
"ACTION FOUNDATION FOR SOCIAL SERVICES","U85191KA2011NPL061094, Bangalore (KARNATAKA)","37/5, ULSOOR ROAD,YELLAPA CHETTY LAYOUT BANGALORE"
"AAPKI NIRALI FOUNDATION","U85300KA2022NPL157434, Bangalore (KARNATAKA)","C/O Shobha Jain, No.1127, Rajaji Nagar,, IIND PHASE, Bangalore, Karnataka, India, 560010."
"ADRITH FOUNDATION","U85300KA2022NPL162868, Rajarajeshwarinagar (KARNATAKA)","No 1733 2nd Floor, 6th Main 5th Stage 2nd Phase RR Nagar, Rajarajeshwarinagar S.O, Bangalore South, BANGALORE, 560098, Karnataka, INDIA"
"ABHYUDAYA CHARITABLE FOUNDATION","U85300KA2022NPL164542, Bengaluru (KARNATAKA)","No 4/1 , SF1, 4th Cross , 6th Main Wilson Garden, Bengaluru, Bangalore, Karnataka, India, 560027"
"ADISH MICRO CARE FOUNDATION","U85300KA2023NPL170139, BANGALORE (KARNATAKA)","TB02, NO.4, 4TH FLOOR, MALLESWARAM MANSION, 6TH MAIN ROAD, MALLESHWARAM, BANGALORE"
"ACCION TECHNICAL ADVISORS INDIA","U85310KA2006NPL040052, BANGALORE (KARNATAKA)","9/3, Kaiser-E-Hind, 1st Floor and 3rd Floor, Richmond Road, Bangalore, Karnata-560025"
"ACTION ENTERPRISE","U85320KA1997NPL022840, Bangalore (KARNATAKA)","NO. 139, RICHMOND ROAD"
"ADEEN FOUNDATION","U85320KA2023NPL170414, Bangalore (KARNATAKA)","Flat G-2 D Villa Apartment, 4 Edward Road Bangalore Bangalore KA 560051 IN"
"ADHVAYA BEYOND BARRIERS FOUNDATION","U85490KA2023NPL182146, GOKULAM (KARNATAKA)","NO 119/A, MYSORE"
"ARUNODAYA CHARITABLE FEDERATION","U85499KA2024NPL187397, BANGALORE (KARNATAKA)","No 118, Grace cottage 1st cross, Ashalaya Layout Kothanur post Geddalahalli Bangalore -560077."
"ABHYUDAYA SEWA FOUNDATION","U85500KA2023NPL181427, Bengaluru (KARNATAKA)","No 75/76,4th cross, 2nd main, Soudamini layout, konanakunte, Bengaluru 560062"
"ARPANA SOCIAL WELFARE FOUNDATION","U88100KA2024NPL191320, MYSORE (KARNATAKA)","32 ,Bharathi Layout, Maralikyathanahalli, Martikyathanahalli, Mysore, Mysore- 570026, Karnataka"
"ACED EDUCATE COUNCIL","U88900KA2023NPL177055, Bagalkot (KARNATAKA)","Plot No 20/D Sector No 47 Navanagar Bagalkot"
"AAGAMI FOUNDATION","U88900KA2024NPL183216, Bengaluru (KARNATAKA)","PLATINUM NO 47"
"ADHYA YASHMIKA FOUNDATION","U88900KA2024NPL190584, BANGALORE (KARNATAKA)","H NO 24, KAITHOTA, IMMADIHALLI,WHITEFIELD,BANGALORE SOUTH BANGALORE"
"1M1B Foundation","U93000KA2012NPL065554, Bangalore (KARNATAKA)","NO. 29, BARON HOUSE, 3RD FLOOR 80 FT ROAD,, KORMANGALA 4TH BLOCK BANGALORE, BANGALORE, Bangalore, Karnataka, India, 560034"
"ABHIPSA RESEARCH AND EDUCATION FOUNDATION","U93090KA2018NPL112112, Dharwad (KARNATAKA)","Vyjayanti, 132, Hoysaal Nagar, Dharwad, Karnataka, 580003"
"ASCENT INSTITUTE OF ASSET MANAGEMENT ASSOCIATION","U94110KA2023NPL178642, BANGALORE (KARNATAKA)","A-2502 KARLE ZENITH,NAGAVARA, LUMBINI LAKE,Arabic College,Bangalore North,Bangalore-560045,Karnataka"
"ARYAVARTA SAPTARISHI TRUST","UDP-4-00003-2024-25, Udupi (KARNATAKA)","H No.2-116B, Victory House, Near Ramdas Apartment, Gopalpura, 1st Main raod, Santhekatte Post, Udupi"
"A V P SEVA SANSTHE","UKK/S65/2007-08, KUMTA (KARNATAKA)","Aparna Building, 1st floor, Uppartkeri 1st Cross, Near New KSRTC Bus Stand, Kumta581343"
"ABHIVRUDDHI CHARITABLE TRUST","VRT-4-00498-2023-24, Bangalore (KARNATAKA)","562, 1st Floor, Opp Spectra Raaya Apartment , Siddapura, Whitefield Bengaluru"
"ASHALAYA","YAN-4-00086-2022-23, BANGALORE (KARNATAKA)","SAI KRUPA, 3RD MAIN ROAD, JYOTHI NAGAR, CHIKKABETTAHALLI, AMBHA BHAVANI TEMPLE ROAD, NEAR SAMBHARAM INSTITUTE OF TECHNOLOGY"
"ASHAKIRANA SAMAJIKA SEVASAMSTHE","YGR-S539-2014-15, Yadgir (KARNATAKA)","ASHAKIRANA SAMAJIKA SEVASAMSTHE Johan Siddappa Building, Chiranjeevi Nagara, Yadgir"
"A RICH FOUNDATION","YLD-4-00034-2022-23, YELANDUR (KARNATAKA)","41/A YELANDUR TOWN CHAMARAJA NAGARA"
"AASARE FOUNDATION TRUST","YPR-0400160-2013-14, BANGALORE (KARNATAKA)","NO 10 , ANANTHASHAYANA NAGAR 1ST CROSS LAGGERE, Peenya I Stage S.O, Bangalore North"
